id,title,selftext,author,subreddit,score,num_comments,created_utc,url,upvote_ratio,over_18,edited,spoiler,stickied
1nk4mtj,Luka telling Austin to get a haircut pleaseüòÇ,,Pristine_Hurry_4693,lakers,3897,104,2025-09-18 10:29:51,https://i.redd.it/mz2lk7qohwpf1.jpeg,0.99,False,False,False,False
1ntqcg1,üíØüíØüíØüíØüíØüíØüíØ,,AdorableBackground83,lakers,2989,125,2025-09-29 18:45:26,https://i.redd.it/7swns5v4g5sf1.jpeg,0.98,False,False,False,False
1nsbr0n,"Kobe misses a dunk, then immediately comes back with a two handed 360",,onelastnoodle,lakers,2592,83,2025-09-28 01:23:12,https://v.redd.it/rzbl85j95trf1,0.98,False,False,False,False
1nf8cj2,Fan tried to run up on LeBron today,,MamiTarantina,lakers,2546,152,2025-09-12 16:49:21,https://v.redd.it/o0pxhqpvjrof1,0.99,False,False,False,False
1novyxg,Rui and Bron in the gym together üò§,,WittyKittieKat,lakers,2380,100,2025-09-23 22:50:30,https://i.redd.it/lejoisjduzqf1.jpeg,0.98,False,False,False,False
1nw6xzz,Looks like AD and Luka traded diets as well as teams‚Ä¶,I have to wonder what is so delicious in Dallas,Reebok_MF_classics,lakers,2143,344,2025-10-02 15:29:07,https://i.redd.it/pux6o1wmvpsf1.png,0.96,False,False,False,False
1ntunjp,"LeBron on what keeps him coming back for more: ""A full season with Luka."" ... ""Everybody knows how I feel about AR. AR is my guy, Rui's my guy, Vando, Jax...""",,WittyKittieKat,lakers,2042,165,2025-09-29 21:28:54,https://streamable.com/fzs3s4,0.99,False,False,False,False
1nlwhjd,"5 years ago (September 20, 2020) AD hits a game winning three in Jokic‚Äôs face to give the Lakers a 2-0 lead in the WCF!",,AdorableBackground83,lakers,1944,116,2025-09-20 12:07:50,https://v.redd.it/ol96oi3z8bqf1,0.99,False,False,False,False
1ntppwc,LOOOK AT HIM,,Parking-Number1795,lakers,1856,75,2025-09-29 18:21:59,https://i.redd.it/w4vzxo5yb5sf1.jpeg,0.99,False,False,False,False
1nvpuar,Rui and Shohei tonight before the Dodger game üíô,,WittyKittieKat,lakers,1633,51,2025-10-02 00:51:56,https://i.redd.it/ryxsvk3cjlsf1.jpeg,0.98,False,False,False,False
1ndwwkp,This is the best basketball player on the planet.,,The_Chozen_1_,lakers,1608,95,2025-09-11 02:09:32,https://i.redd.it/edfg17412gof1.jpeg,0.97,False,False,False,False
1nrzkd1,Jerry West on Luka,,WhenMachinesCry,lakers,1603,124,2025-09-27 16:29:30,https://i.redd.it/3corxu1yhqrf1.jpeg,0.99,False,False,False,False
1o1idr4,my heart ü•π,,creamyglazed,lakers,1490,48,2025-10-08 18:19:06,https://i.redd.it/9ukubt1ljxtf1.png,0.99,False,False,False,False
1o0p53q,Luka organized a team bonding event for the entire team after practice today at the Porsche Driving Experience,,WittyKittieKat,lakers,1460,93,2025-10-07 19:47:13,https://i.redd.it/dlvb0vobuqtf1.jpeg,0.98,False,False,False,False
1njd4m8,"Bron went from a Kobe fan, to his opponent, won two gold medals as his teammate, and finally his successor in LA. The mf lived the Lakers fan dream lol",,kurruchi,lakers,1435,69,2025-09-17 13:26:19,https://i.redd.it/gmwrwrh87qpf1.jpeg,0.97,False,False,False,False
1nicfpd,Yao Ming made Luka look so small üò≠,,Kang_Burger,lakers,1381,73,2025-09-16 09:08:05,https://i.redd.it/qvzknws9thpf1.png,0.99,False,False,False,False
1ndspbw,Luka's IG story üá∏üáÆ‚ù§Ô∏è,,Kang_Burger,lakers,1364,28,2025-09-10 22:48:30,https://i.redd.it/8xgn83h62fof1.jpeg,1.0,False,False,False,False
1nurtyx,[Markazi] Lakers player are wearing ‚ÄúObsession‚Äù shirts at training camp with 18 in it signifying the 18th championship they are trying to win this season.,,WayAdministrative679,lakers,1324,93,2025-09-30 22:51:56,https://i.redd.it/e1pq0mnzsdsf1.jpeg,0.99,False,False,False,False
1nzwf9s,Luka on HotOnes on Thursday ü§î,,Shot_Bank_5843,lakers,1312,65,2025-10-06 21:43:38,https://i.redd.it/u7ejxhxaaktf1.jpeg,1.0,False,False,False,False
1o1drvz,By Creative Director Natalia Bryant üíúüíõüêç,,MamiTarantina,lakers,1288,55,2025-10-08 15:31:43,https://v.redd.it/zbkgphirpwtf1,0.98,False,False,False,False
1nxlq51,Bronny breakout season coming soon,,iamdare,lakers,1276,37,2025-10-04 05:35:56,https://i.redd.it/ec6988zp71tf1.png,0.98,False,False,False,False
1ntscjh,LEAGUE FUCKED,,MamiTarantina,lakers,1258,34,2025-09-29 20:00:55,https://i.redd.it/xodqjwmlt5sf1.jpeg,0.99,False,False,False,False
1ndpe0j,Luka puts up 39/10/7 in a loss against Germany,"Full stats: 

39 Points
11/25 FG (44%)
6/9 2PT (67%)
5/16 –ó–†T (31%)
12/15 FT (80%)
10 Rebounds
7 Assists 
3 TOV
4 PF
+/- -2
32:49 minutes played

another excellent performance by him, despite a refball masterclass for Germany",stan_dreamcatcher,lakers,1254,77,2025-09-10 20:29:07,https://i.redd.it/e0q4503bdeof1.jpeg,0.99,False,False,False,False
1ngjljh,"New Luka Doncic, Gigi Bryant and Kobe Bryant mural in Burbank, CA",,WittyKittieKat,lakers,1196,22,2025-09-14 06:12:26,https://streamable.com/xyz2mn,0.98,False,False,False,False
1ntgoen,First media day as a Laker! ü•π,,Parking-Number1795,lakers,1189,29,2025-09-29 12:28:47,https://i.redd.it/okhjr9bxk3sf1.jpeg,1.0,False,False,False,False
1o1niml,"Ayton was asked what it's been like working with Luka and LeBron: ""I haven't. It's something I've just been waiting on.""",,WittyKittieKat,lakers,1137,294,2025-10-08 21:12:18,https://streamable.com/re4o44,0.99,False,False,False,False
1nxgm6b,AD SIGNED A LAKERS JERSEY üò¢üíúüíõ,,MamiTarantina,lakers,1115,57,2025-10-04 01:05:40,https://v.redd.it/xhkcky8mvzsf1,0.98,False,False,False,False
1nr11na,"5 years ago (September 26, 2020) Lakers eliminate the Nuggets behind LeBron‚Äôs 38-16-10 closeout masterpiece. Here he scores 9 straight points late in the 4th to put them away.",,AdorableBackground83,lakers,1063,73,2025-09-26 13:14:23,https://v.redd.it/auq7lqgaeirf1,0.99,False,False,False,False
1nxj7qu,JAXSON HAYES JUST CAUGHT A BODY!!!!!,,RedditorofReddit07,lakers,1057,24,2025-10-04 03:16:56,https://v.redd.it/hykuop11j0tf1,0.99,False,False,False,False
1nwn4kp,AD appreciation post before the season starts,,imin2099,lakers,1040,49,2025-10-03 02:19:14,https://i.redd.it/a4mtiavt3tsf1.jpeg,0.98,False,False,False,False
1nqhtmm,[Woike]: Rob Pelinka says JJ Redick has received a contract extension,,Proof-Umpire-7718,lakers,1044,114,2025-09-25 20:33:40,https://i.redd.it/23fmawjsfdrf1.jpeg,0.99,False,False,False,False
1nz4jv3,AR GRANDMA DONT PLAY GAMES. IT RUNS IN THE FAM,,MamiTarantina,lakers,1026,20,2025-10-06 00:17:55,https://i.redd.it/78cnge5xwdtf1.jpeg,0.99,False,False,False,False
1nztkd8,RIP to anyone who bought at the peak just for LeBron's announcement to end up being an ad,,ShowTimesFinest,lakers,1013,164,2025-10-06 19:58:46,https://i.redd.it/nhlpx8hlrjtf1.jpeg,0.99,False,False,False,False
1nve362,Luka and Rui just being a couple of besties,,WittyKittieKat,lakers,1000,58,2025-10-01 17:09:40,https://streamable.com/xlw6nr,0.99,False,False,False,False
1niftd8,Luka on the cover of Wall Street Journal Magazine,"Source - @wsjmag on Instagram

Full Article - https://www.wsj.com/style/luka-doncic-nba-la-lakers-dallas-mavericks-b9b7018b?mod=style_lead_story",Slow_Tonight_2196,lakers,996,72,2025-09-16 12:16:40,https://i.redd.it/vpcofy4xqipf1.jpeg,0.99,False,False,False,False
1ntqhk1,"""It's the biggest opportunity of my career. I'm not going to take it for granted"" - Deandre Ayton (Today)",,The_Chozen_1_,lakers,990,53,2025-09-29 18:50:35,https://i.redd.it/gbs1vzr0h5sf1.jpeg,0.99,False,False,False,False
1nn0ruf,Austin Reeves New Look after Luka's Comment,,zainjaved96,lakers,985,41,2025-09-21 19:13:06,https://i.redd.it/61ihzc5phkqf1.png,0.98,False,False,False,False
1ntrdar,LeBron James flips off Rui Hachimura,,oat38,lakers,969,55,2025-09-29 19:23:44,https://streamable.com/s19fpi,0.99,False,False,False,False
1o1gy0k,Natalia Bryant X Brenda Song behind the scenes,,MamiTarantina,lakers,945,33,2025-10-08 17:27:11,https://i.redd.it/b8ktlgkdaxtf1.jpeg,0.99,False,False,False,False
1nybpxl,LETS GO DODGERS,,imin2099,lakers,920,24,2025-10-05 01:47:16,https://i.redd.it/0k08gt8y77tf1.jpeg,0.95,False,False,False,False
1ntqr0t,Aura üî•,,Doten1,lakers,916,38,2025-09-29 19:00:24,https://i.redd.it/q1emblxsi5sf1.jpeg,0.99,False,False,False,False
1neoz78,"Remember this Danny Green putback poster in 2020? Good times... Kobe & Gigi smiling ear to ear, Dudley & Caruso losing their minds, Bron and everyone showing him love, McGee doing their handshake and Dwight looking like he saw a ghost. Nothing better than camaraderie.",,kurruchi,lakers,903,76,2025-09-12 00:19:49,https://streamable.com/gpozov,0.99,False,False,False,False
1npfclq,Luka Donƒçiƒá is ready for a fresh start in LA,"Luka Donƒçiƒá has fully turned the page on a season that changed his life forever.

He‚Äôs in better shape. He‚Äôs becoming a more vocal leader. He‚Äôs adapted a new mindset. 

And that should bode well for the Lakers.

https://www.nytimes.com/athletic/6653869/2025/09/24/luka-doncic-lakers-nba-eurobasket-2025-slovenia/

",TheAthletic,lakers,873,36,2025-09-24 15:33:52,https://i.redd.it/h1rttgeet4rf1.jpeg,0.99,False,False,False,False
1niyrlh,Throwback to when these two combined for 52 points in G1 against Memphis 2 years ago,,KarrotMovies,lakers,873,33,2025-09-17 00:35:09,https://i.redd.it/az9uod7hempf1.jpeg,0.99,False,False,False,False
1nxjm6i,Luka On the Bench,,MamiTarantina,lakers,843,54,2025-10-04 03:38:03,https://i.redd.it/8blgl20tm0tf1.jpeg,0.99,False,False,False,False
1nosdjv,"[Stavrou] Giannis on his reaction to the Luka trade: ‚ÄúI was having my treatment, when a friend told me Doncic became a Laker. I was shocked. I shit myself. If Luka is traded, everybody can be traded. He took his team in the Finals. And it's Luka Doncic. He is 26‚Äú",,WayAdministrative679,lakers,827,40,2025-09-23 20:25:39,https://i.redd.it/0l4z5ixb4zqf1.jpeg,1.0,False,False,False,False
1nrkveh,"Luka Donƒçiƒá hit four straight threes to win the game, each one progressively more difficult and clutch.",,JetSky81,lakers,824,49,2025-09-27 03:22:31,https://v.redd.it/aq49cdjmlmrf1,0.99,False,False,False,False
1njr36s,34 Days Until Showtime,,denobino,lakers,815,30,2025-09-17 22:19:17,https://i.redd.it/wxl0q2tbvspf1.jpeg,0.99,False,False,False,False
1nx3y63,Shaq tracked down Kobe's old Land Cruiser and fully restored it as a surprise for his family,"Shaq just did something incredible for Kobe's family. He tracked down old 1996 Toyota Land Cruiser that Kobe and his whole family used to drive back in the day. The car was beat up after years in Philly winters and Vegas heat. 

Shaq wanted to surprise Kobe's mom by restoring it exactly how it looked when Kobe drove it in high school. No fancy upgrades, just original. ",Ahileo,lakers,811,66,2025-10-03 16:30:20,https://v.redd.it/ttw64gvjaxsf1,0.98,False,False,False,False
1nuhm7u,"[Reaves] ‚ÄúI feel like I could be an All-Star. But all of that is, in my opinion, relative. Thank God I play with Luka and  LeBron. I don‚Äôt want to be in a situation where I‚Äôm just going out chucking, getting numbers. If that‚Äôs the map for me to be an All-Star, I  don‚Äôt care about that.‚Äù",,WayAdministrative679,lakers,787,45,2025-09-30 16:19:16,https://www.nytimes.com/athletic/6669125/2025/09/29/austin-reaves-lakers-contract-training-camp/,0.99,False,False,False,False
1njepu6,"[Holmes] Kawhi Leonard‚Äôs uncle, Dennis Robertson, reportedly wanted the Lakers to give him part ownership of the team, access to a private plane, a house, and guaranteed off-court endorsement money",,WayAdministrative679,lakers,776,142,2025-09-17 14:30:06,https://www.espn.com/nba/story/_/id/46271285/inside-tumultuous-kawhi-leonard-era-la-clippers,0.99,False,False,False,False
1ntrn82,"Jake LaRavia asked if it's crazy that LeBron is going into Year 23: ""It is. I'm 23""",,KarrotMovies,lakers,766,6,2025-09-29 19:34:27,https://v.redd.it/6ezaz3puo5sf1,1.0,False,False,False,False
1nf5e22,Kobe and Gigi would be so hyped to see Luka is a Laker üôè,,WhenMachinesCry,lakers,747,7,2025-09-12 14:54:27,https://i.redd.it/57nk1whoyqof1.png,0.98,False,False,False,False
1nvmf0z,[McMenamin] A look at Jarred Vanderbilt‚Äôs improved shooting mechanics as he gets shots up with Jake LaRavia,,ShowTimesFinest,lakers,722,141,2025-10-01 22:19:24,https://v.redd.it/9qb8b17zrksf1,0.98,False,False,False,False
1nheld8,#EuroBasket 2025 All-Star Five,"

Your EuroBasket 2025 All-Star Five ‚≠ê

üá©üá™ Dennis Schroder 
üá∏üáÆ  Luka Doncic
üá©üá™ Franz Wagner
üá¨üá∑ Giannis Antetokounmpo
üáπüá∑ Alperen Sengun

Luka Donƒçiƒá has been named to the EuroBasket All-Time Starting Five, a huge honor that cements his legacy in European basketball. Known for his brilliance on the court and his ability to rise in the biggest moments, Luka‚Äôs impact on the game is already unforgettable. 

Luka wasn‚Äôt able to receive his award since he went home right after the Slovenia‚ÄìGermany game. Anndd Damn, Sengun is sad asf in this pic ",catmeow808,lakers,716,65,2025-09-15 06:38:45,https://i.redd.it/wlwsk12ox9pf1.jpeg,0.99,False,False,False,False
1nos46c,What‚Äôs y‚Äôall honest reaction if the Clippers only get a slap on the wrist?,,Illustrious_Novel305,lakers,710,192,2025-09-23 20:15:45,https://i.redd.it/g8dzgwgc78qf1.jpeg,0.92,False,False,False,False
1no0zmh,Throwback to the worst starting lineup in Lakers history,"Was going through some old photos and found this gem. Pretty sure this is the worst starting lineup we‚Äôve ever had lmao. 

Lakers have come a long way ",scags2017,lakers,707,84,2025-09-22 22:45:13,https://i.redd.it/sem3cq6josqf1.jpeg,0.99,False,False,False,False
1nklupd,"LeBron James breaking down ‚ÄúFirst off, Happy International Women‚Äôs Day‚Äù and ‚ÄúIt's Our Ball Ain't It?‚Äù",,denobino,lakers,645,41,2025-09-18 22:04:29,https://v.redd.it/51id1loixzpf1,0.97,False,False,False,False
1nvsvts,Besties üíõ,,Kang_Burger,lakers,630,27,2025-10-02 03:16:40,https://i.redd.it/xl7zstt59msf1.jpeg,0.99,False,False,False,False
1nxx7cj,"[McMen] Ayton on his preseason debut: ‚ÄúI wanted to show the team I‚Äôm more committed on the defensive end, more than offense‚Ä¶ I‚Äôm not here for numbers. I‚Äôm just here for whatever the Lakers really want me to do.‚Äù",,WayAdministrative679,lakers,621,82,2025-10-04 15:37:22,https://i.redd.it/wcz2ipdz64tf1.jpeg,0.98,False,False,False,False
1nijjwe,LeBron James about Luka Donƒçiƒá (from the WSJ article),"article: https://www.wsj.com/style/luka-doncic-nba-la-lakers-dallas-mavericks-b9b7018b?utm_campaign=feed&utm_medium=referral&utm_source=later-linkinbio&fbclid=PAb21jcAM2Q5NleHRuA2FlbQIxMQABp5b5ASP3qMVkwVI3xbP2DRoAx2oBts4CJ8kRiaMABhAdb_8PHDoygHU-o_pY_aem_ji0cf6Zek2ayG6-4NbjduQ

screenshot from: @LukaUpdates on Twitter

",stan_dreamcatcher,lakers,616,44,2025-09-16 14:47:29,https://i.redd.it/84ntpvothjpf1.jpeg,0.99,False,False,False,False
1nnodmj,THT has signed with Fenerbah√ße Beko of Turkey‚Äôs BSL league.,,Good-Fold-1815,lakers,616,123,2025-09-22 14:43:09,https://i.redd.it/j25h8yqiaqqf1.jpeg,0.97,False,False,False,False
1o11er4,"Luka's new IG post - ""üß©""",,Kang_Burger,lakers,612,36,2025-10-08 04:51:30,https://i.redd.it/70nzz2ujjttf1.jpeg,1.0,False,False,False,False
1nvnxoy,[Excerpt] Austin Reaves said he laughed and put his phone down after AD texted the team group chat saying 'They traded me'.,,MamiTarantina,lakers,603,38,2025-10-01 23:24:07,https://v.redd.it/thc2sn9j3lsf1,1.0,False,False,False,False
1nz5x8q,vanderbilt truly is our season's biggest wildcard,,KarrotMovies,lakers,599,88,2025-10-06 01:23:07,https://i.redd.it/t7snuwkh8etf1.jpeg,0.97,False,False,False,False
1nlkrux,Austin Reaves is HIM,"Had the pleasure of meeting the Hillbilly Kobe,Austin Reaves today. He‚Äôs such a nice, down to earth guy. I hope he‚Äôs a laker for life. He‚Äôs HIM.",Nightfist777,lakers,600,27,2025-09-20 01:01:15,https://i.redd.it/k05cf28rx7qf1.jpeg,0.99,False,False,False,False
1ntrybj,LUKA IS A LAKER!,,Parking-Number1795,lakers,597,31,2025-09-29 19:46:19,https://i.redd.it/w5v3t1tzq5sf1.jpeg,0.99,False,False,False,False
1nhokq6,"Luka on his goals for the upcoming season: ""Championship, that is our goal. That should always be our goal. Obviously we went out in the first round, but our goal is a championship.""",,WhenMachinesCry,lakers,591,40,2025-09-15 15:13:24,https://v.redd.it/9ehjltxxgcpf1,0.99,False,False,False,False
1nns0ex,Can this team compete with the top teams in the West?,"Now that the Lakers have a center in Deandre Ayton, a defensive player in Marcus Smart, a shooter in Jake Laravia, and Luka is now in shape. Do you think this team can now compete with the top teams in the West like the Rockets, Nuggets, and the defending champions Thunder?",CallTypical9541,lakers,574,239,2025-09-22 16:58:00,https://i.redd.it/f9lqsn1lyqqf1.jpeg,0.98,False,False,False,False
1nd9aim,Luka Donƒçiƒá was being a total menace in practice,"Luka Donƒçiƒá was being a total menace in practice yesterday ü§£ From goofing around with his teammates to pulling off slick moves just for fun, it's the classic Luka üôÉ

It‚Äôs win or go home!!! Catch Slovenia vs Germany in the EuroBasket quarterfinals üî• Tip-off 2 PM EST!",catmeow808,lakers,547,31,2025-09-10 09:13:54,https://v.redd.it/gaclrd2u0bof1,0.99,False,False,False,False
1o0rzin,"[McMen] A couple reactions to LeBrons‚Äô decision 2.0: Rui - ‚ÄúHe loves to do that type of stuff‚Äù, AR - ‚ÄúI got a couple calls, like, ‚ÄòWhat is this?‚Äô‚Äù, JJ Redick - ‚ÄúYou guys are idiots‚Äù",,WayAdministrative679,lakers,542,65,2025-10-07 21:33:14,https://i.redd.it/tyy4pt3zcrtf1.jpeg,0.99,False,False,False,False
1nurm43,Warriors re-signed Jonathan Kuminga,,denobino,lakers,540,65,2025-09-30 22:42:22,https://i.redd.it/003euy01rdsf1.jpeg,0.98,False,False,False,False
1ntrll1,JJ Redick reflecting on what went wrong in last years‚Äô playoff loss,,The_Chozen_1_,lakers,541,70,2025-09-29 19:32:40,https://i.redd.it/wshtq35ko5sf1.jpeg,1.0,False,False,False,False
1ne93pk,These jerseys need to come backüôè Thoughts?,,WhenMachinesCry,lakers,540,40,2025-09-11 13:39:58,https://i.redd.it/rvzyggy4bjof1.png,0.97,False,False,False,False
1nqyr1q,"Luka shared a new Instagram story featuring his daughter, Gabriela, and his dogs ‚ù§Ô∏èü•π",,Kang_Burger,lakers,527,19,2025-09-26 11:24:02,https://i.redd.it/2n05hq1nuhrf1.png,0.98,False,False,False,False
1nzqasg,[LeBron James] The decision of all decisions. October 7th. 12pm EST. ü´°üëë #TheSecondDecision,,daftmunt,lakers,521,216,2025-10-06 17:58:10,https://i.redd.it/6v9a2bt26jtf1.jpeg,0.94,False,False,False,False
1nupioc,Ayton putting in that work first day of training camp üí™üèø,,denobino,lakers,514,56,2025-09-30 21:16:19,https://i.redd.it/67uj8scsbdsf1.jpeg,1.0,False,False,False,False
1nxllmb,Luka trying to get some shots up but Rui says sit down,,Doten1,lakers,507,17,2025-10-04 05:28:23,https://v.redd.it/3sfi0nkh61tf1,1.0,False,False,False,False
1nzgqwz,Bronny turns 21 years old today!,,AdorableBackground83,lakers,492,69,2025-10-06 11:44:49,https://i.redd.it/e5sykp2hbhtf1.jpeg,0.95,False,False,False,False
1ninwej,[Central] Luka Doncic names Marcus Smart and Herb Jones as the two biggest headaches he‚Äôs faced on the basketball court,,WayAdministrative679,lakers,483,83,2025-09-16 17:28:22,https://i.redd.it/upmzcpzfakpf1.jpeg,0.98,False,False,False,False
1nxlpre,"JJ Redick Postgame:  ""The reality and this is not an excuse this is quite literally reality, (the Suns) had 19 guys in the gym all of September, they did their installs similar to how we did last year...they're ahead of us from that perspective""",,MAVS_COM1CAL,lakers,485,81,2025-10-04 05:35:19,https://v.redd.it/ydbudakn71tf1,0.99,False,False,False,False
1nqcbtt,"[Woike] Outside of the negotiations, team sources said, the Lakers laughed at [Uncle Dennis] Robertson‚Äôs audacity. And to Robertson himself, team president Jeanie Buss underscored the outrageousness of the requests by saying he should attempt to get other teams to agree to his terms in writing.","> Leonard didn‚Äôt just want a max deal. He wanted unlimited access to a private plane, a house and guaranteed off-court earnings from endorsements, The Athletic previously reported. He also wanted a slice of the team itself ‚Äî just like the Lakers had given Magic Johnson 25 years earlier after HIV forced him into early retirement.

> The asks ‚Äî all considered circumvention of the salary cap in the eyes of the NBA ‚Äî were turned down by the team.

> But Robertson asked for them again. And again. And again.

> The Lakers repeatedly told Robertson that his requests were against the NBA‚Äôs collective bargaining agreement. Outside of the negotiations, team sources said, the Lakers laughed at Robertson‚Äôs audacity. And to Robertson himself, team president Jeanie Buss underscored the outrageousness of the requests by saying he should attempt to get other teams to agree to his terms in writing.",sewsgup,lakers,474,68,2025-09-25 17:03:38,https://www.nytimes.com/athletic/6658362/2025/09/25/kawhi-leonard-clippers-uncle-dennis-nba-investigation/?source=emp_shared_article,1.0,False,False,False,False
1nmagbr,Dominant Euro basket by Luka,,Doten1,lakers,483,14,2025-09-20 21:43:05,https://i.redd.it/ujdpuqbm3eqf1.jpeg,0.99,False,False,False,False
1nigqwc,is Luka Doncic the most popular person in Slovenian history?,,Actual_Box7731,lakers,474,270,2025-09-16 12:57:49,https://i.redd.it/gxv3acn6yipf1.jpeg,0.93,False,False,False,False
1nvm8at,[Garcia] JJ Redick said it's ‚Äúnight and day‚Äù with how Jarred Vanderbilt looks now compared to last season.,,WayAdministrative679,lakers,473,64,2025-10-01 22:12:09,https://i.redd.it/awmidnqsqksf1.jpeg,0.99,False,False,False,False
1ntqfa1,"Luka Doncic on JJ Redick‚Äôs contract extension with the Lakers: ‚ÄúIt was great to work with JJ. Hopefully, we can work until the end of my career.‚Äù",,Doten1,lakers,472,21,2025-09-29 18:48:20,https://streamable.com/eo06gy,1.0,False,False,False,False
1neiwsv,That sucks,,JetSky81,lakers,469,81,2025-09-11 19:59:40,https://i.redd.it/sc16i8vyclof1.jpeg,0.97,False,False,False,False
1o0h30s,LeBron‚Äôs ‚ÄúSecond Decision‚Äù is a Hennessy collaboration,,CheesyPanther,lakers,471,131,2025-10-07 14:56:50,/r/nba/comments/1o0gvld/lebrons_second_decision_is_a_hennessy/,0.93,False,False,False,False
1o0udgu,If Smart continues to knock down these looks we are solid.,,denobino,lakers,462,31,2025-10-07 23:10:21,https://v.redd.it/ronw628ourtf1,0.99,False,False,False,False
1nqgzep,"God Shammgod on Luka: ""He never wanted someone fired, never wanted someone traded, never wanted to tell people what to do with their job. And [on the court] the biggest fact for me was when the popcorn was popping the most, he was there. He wasn't a passenger. He was the driver.",,olduser201890,lakers,454,45,2025-09-25 20:01:28,https://v.redd.it/dg14g75x9drf1,0.98,False,False,False,False
1nx73vd,Luka will be sitting out the first two preseason games,,WittyKittieKat,lakers,456,60,2025-10-03 18:27:49,https://i.redd.it/5921aqumwxsf1.jpeg,0.99,False,False,False,False
1nw08vx,JJ loves to wear his own Luka‚Äôs!,,Parking-Number1795,lakers,457,31,2025-10-02 10:37:44,https://i.redd.it/z0qxc9uufosf1.jpeg,0.99,False,False,False,False
1ng6s5k,[Sidery] ‚ÄúThe Heat & Lakers have reopened discussions on an Andrew Wiggins trade ahead of training camp. Miami wants a future first-round pick. Lakers are open to moving former first-round pick Dalton Knecht alongside expiring contracts.‚Äù,,JcaHot,lakers,449,275,2025-09-13 19:41:57,https://i.redd.it/bdqne7uljzof1.jpeg,0.96,False,False,False,False
1nmvyad,I love Luka Doncic ‚ù§Ô∏è,,Kang_Burger,lakers,451,30,2025-09-21 16:08:12,https://i.redd.it/8mxpii6skjqf1.jpeg,0.97,False,False,False,False
1o01fs5,LETS GO DODGERS,,imin2099,lakers,442,16,2025-10-07 01:23:07,https://i.redd.it/ax17vcqgdltf1.jpeg,0.91,False,False,False,False
1nw9677,Austin Reaves says LeBron could've retired 6 years ago and still be the GOAT,"Reaves, while on The Young Man and the Three, spoke about the most impressive thing about Bron, while basically calling him the GOAT. He's coming a long way from that FB post xD

https://sportscondensed.com/news/austin-reaves-praises-le-bron-james-longevity-and-love-for-the-game ",SadTrainer6335,lakers,434,57,2025-10-02 16:52:03,https://i.redd.it/ja24y0smaqsf1.png,0.95,False,False,False,False
1nvcbuh,"JJ Redick: We're going to ask guys to be in championship shape, have championship communication and championship habits... Don't tell me, show me.",,incredibleamadeuscho,lakers,429,26,2025-10-01 16:05:22,https://i.redd.it/7q9vfqeexisf1.jpeg,0.99,False,False,False,False
1nuq3dt,"Nick Smith Jr. as he walks into his first Lakers press scrum: ‚ÄúThis is way different than Charlotte, I‚Äôll say that.‚Äù",,WayAdministrative679,lakers,433,26,2025-09-30 21:38:58,https://i.redd.it/h5re18uyfdsf1.jpeg,1.0,False,False,False,False
1nrwnte,How excited are you about Jake LaRavia? üëÄ,"**Last season stats:**

Minutes per game: **20.4**
Points per game: **6.9**
Rebounds per game: **3.9**
Assists per game: **2.4**
Steals per game: **.9**
Blocks per game: **.3**

FG %: **47.5**
3-point percentage: **42.3%**
Free throw percentage: **67.8%**",WittyKittieKat,lakers,420,102,2025-09-27 14:29:13,https://streamable.com/v3o6iu,0.99,False,False,False,False
1njjmrm,Happy Birthday Coach! 80 years young today!,,Jah_Rules,lakers,412,18,2025-09-17 17:31:52,https://i.redd.it/f04ec3i2grpf1.jpeg,1.0,False,False,False,False
