comment_id,post_id,post_title,author,body,score,created_utc,parent_id,is_submitter,edited,vader_positive,vader_negative,vader_neutral,vader_compound,transformer_positive,transformer_negative,transformer_neutral,transformer_sentiment,mentioned_players,analysis_timestamp,vader_classification,agreement
nihr5xu,1o1niml,"Ayton was asked what it's been like working with Luka and LeBron: ""I haven't. It's something I've just been waiting on.""",dash_44,"This isnâ€™t an Ayton issue this is an org issue.

All these new pieces and guys havenâ€™t been in training camp together...

I donâ€™t want to hear any chemistry excuses during the season.",372,2025-10-08 21:25:19,t3_1o1niml,False,False,0.0,0.037,0.963,-0.0572,0.008190191350877285,0.8387487530708313,0.15306106209754944,negative,austin_reaves,2025-10-08T18:30:28.320072,negative,agree
nihpjcg,1o1niml,"Ayton was asked what it's been like working with Luka and LeBron: ""I haven't. It's something I've just been waiting on.""",WittyKittieKat,I'm honestly disappointed in the way training camp/preseason is being handled. They complained last year about not having any practices to build chemistry and install new sets yet here we are deep into training camp and we're load managing guys who aren't even hurt?,238,2025-10-08 21:16:49,t3_1o1niml,True,False,0.112,0.112,0.776,-0.0062,0.005727494601160288,0.8995375037193298,0.09473492205142975,negative,"austin_reaves, anthony_davis",2025-10-08T18:30:28.446887,neutral,disagree
nihpizp,1o1niml,"Ayton was asked what it's been like working with Luka and LeBron: ""I haven't. It's something I've just been waiting on.""",chidori53,Any word on why Luka isn't practicing with the team?,208,2025-10-08 21:16:45,t3_1o1niml,False,False,0.0,0.0,1.0,0.0,0.008564644493162632,0.25550055503845215,0.7359347939491272,neutral,isaiah_thomas,2025-10-08T18:30:28.550116,neutral,agree
nifu5bw,1o1drvz,By Creative Director Natalia Bryant ğŸ’œğŸ’›ğŸ,lasfinest,Sheâ€™s carrying Kobeâ€™s legacy in a most beautiful way.,180,2025-10-08 15:46:44,t3_1o1drvz,False,False,0.344,0.0,0.656,0.6361,0.9714775085449219,0.004909378942102194,0.02361317351460457,positive,"austin_reaves, kobe_bryant",2025-10-08T18:30:28.646008,positive,agree
nigrwht,1o1idr4,my heart ğŸ¥¹,rejectx,"Friendship ended with DFS, now Rui is my best friend.",179,2025-10-08 18:30:12,t3_1o1idr4,False,False,0.595,0.0,0.405,0.8834,0.689242422580719,0.019263455644249916,0.2914941608905792,positive,isaiah_thomas,2025-10-08T18:30:28.728062,positive,agree
nigg4xl,1o1gy0k,Natalia Bryant X Brenda Song behind the scenes,baabaabilly,Love that Brenda Song is a real Laker fan.,155,2025-10-08 17:32:56,t3_1o1gy0k,False,False,0.481,0.0,0.519,0.7579,0.955447256565094,0.004950983449816704,0.03960181027650833,positive,,2025-10-08T18:30:28.821000,positive,agree
niftf40,1o1drvz,By Creative Director Natalia Bryant ğŸ’œğŸ’›ğŸ,jsun_,"> ""This project was an amazing, collaborative environment with such creative people and we all came together to try and portray the Lakersâ€™ impact, not only in LA but around the world. Everyone has their own connection to the Lakers. I hope those who already love this team watch this project and remember what that pride feels like. And if youâ€™re not a Lakers fan yet, I hope you watch this, and it makes you want to be""

Natalia's statement regarding this.",153,2025-10-08 15:43:14,t3_1o1drvz,False,False,0.246,0.025,0.73,0.9675,0.9713420271873474,0.003405646188184619,0.02525232918560505,positive,"austin_reaves, anthony_davis, isaiah_thomas",2025-10-08T18:30:29.029887,positive,agree
nidfecb,1o11er4,"Luka's new IG post - ""ğŸ§©""",slicknick2k,Donâ€™t think Iâ€™ll ever get over this guy being a Laker. Still just doesnâ€™t feel real.,149,2025-10-08 04:54:13,t3_1o11er4,False,False,0.135,0.0,0.865,0.3252,0.009988927282392979,0.8634134531021118,0.12659767270088196,negative,,2025-10-08T18:30:29.185780,positive,disagree
nigtr2k,1o1idr4,my heart ğŸ¥¹,Apart-Leadership1402,I wish they'd share more Luka/Rui on Lakers socials. They are so lovable.,144,2025-10-08 18:39:28,t3_1o1idr4,False,False,0.5,0.0,0.5,0.8755,0.9535666704177856,0.00916190817952156,0.03727147728204727,positive,austin_reaves,2025-10-08T18:30:29.306229,positive,agree
nigs28d,1o1idr4,my heart ğŸ¥¹,WittyKittieKat,Rui is probably the most likable guy on the team personality-wise. It's also been said that's why the bar to trade him is sort of high because he's so well liked by the whole organization including the higher-ups. And now him and Luka have literally become best friends lmao,143,2025-10-08 18:31:01,t3_1o1idr4,False,False,0.279,0.0,0.721,0.9518,0.9240275025367737,0.00804103072732687,0.06793150305747986,positive,"austin_reaves, anthony_davis, isaiah_thomas",2025-10-08T18:30:29.458638,positive,agree
nihti5k,1o1niml,"Ayton was asked what it's been like working with Luka and LeBron: ""I haven't. It's something I've just been waiting on.""",Ricky_Roe10k,We have what feels like a 10 year trend of being complete ass in the preseason.,120,2025-10-08 21:37:39,t3_1o1niml,False,False,0.125,0.175,0.7,-0.25,0.006739855743944645,0.9220447540283203,0.07121547311544418,negative,austin_reaves,2025-10-08T18:30:29.562395,negative,agree
nigbvf5,1o1drvz,By Creative Director Natalia Bryant ğŸ’œğŸ’›ğŸ,puffinbythesea,I hope Natalia does more work like this for the Lakers because this is fire. Finally something that has meaning and heart instead of the soulless corporate no fun feel Lakers social media always has. Sucks that every other team has a better social media presence.,91,2025-10-08 17:12:56,t3_1o1drvz,False,False,0.215,0.128,0.657,0.7332,0.7348611950874329,0.1153455525636673,0.14979323744773865,positive,"austin_reaves, anthony_davis",2025-10-08T18:30:29.691177,positive,agree
nifu7gx,1o1drvz,By Creative Director Natalia Bryant ğŸ’œğŸ’›ğŸ,hplalakrs20012010,The next Bryant to win an Oscar. Iâ€™m manifesting it.,89,2025-10-08 15:47:01,t3_1o1drvz,False,False,0.297,0.0,0.703,0.5859,0.7951103448867798,0.009355572052299976,0.1955341249704361,positive,"austin_reaves, isaiah_thomas",2025-10-08T18:30:29.793856,positive,agree
nifwbbc,1o1drvz,By Creative Director Natalia Bryant ğŸ’œğŸ’›ğŸ,tittiesforeveryone,Brenda Song is so fineÂ ,79,2025-10-08 15:57:09,t3_1o1drvz,False,False,0.372,0.0,0.628,0.3327,0.9091978073120117,0.00622046273201704,0.08458168804645538,positive,,2025-10-08T18:30:29.888190,positive,agree
nigje4x,1o1gy0k,Natalia Bryant X Brenda Song behind the scenes,Hour_Insurance_7795,"HUGE Rams fan too.  As in legit knows her shit.  That's my girl....well done, Mr. Culkin.",71,2025-10-08 17:48:25,t1_nigg4xl,False,False,0.217,0.17,0.613,0.0,0.9690741300582886,0.0041817910969257355,0.026744063943624496,positive,isaiah_thomas,2025-10-08T18:30:30.010138,neutral,disagree
nihplfg,1o1niml,"Ayton was asked what it's been like working with Luka and LeBron: ""I haven't. It's something I've just been waiting on.""",pjeff61,They probably havenâ€™t actually practice all together at full speed considering Lukaâ€™s offseason and LeBrons age,61,2025-10-08 21:17:07,t3_1o1niml,False,False,0.0,0.0,1.0,0.0,0.025703012943267822,0.180790513753891,0.7935065031051636,neutral,lebron,2025-10-08T18:30:30.112162,neutral,agree
nidfjh3,1o11er4,"Luka's new IG post - ""ğŸ§©""",onelastnoodle,https://i.redd.it/kywgfbz8kttf1.gif,61,2025-10-08 04:55:26,t3_1o11er4,False,False,0.0,0.0,0.0,0.0,0.40129855275154114,0.22557517886161804,0.37312623858451843,positive,isaiah_thomas,2025-10-08T18:30:30.169164,neutral,disagree
nighoeu,1o1gy0k,Natalia Bryant X Brenda Song behind the scenes,AdQuick9381,"Holy shit, she looks so much like Kobe.",60,2025-10-08 17:40:16,t3_1o1gy0k,False,False,0.224,0.291,0.485,-0.2075,0.784892737865448,0.052467022091150284,0.16264024376869202,positive,"kobe_bryant, isaiah_thomas",2025-10-08T18:30:30.273994,negative,disagree
nifwxwq,1o1drvz,By Creative Director Natalia Bryant ğŸ’œğŸ’›ğŸ,TdotKdot29,Brenda song watches lakers games like i do ğŸ¤£ğŸ¤£,59,2025-10-08 16:00:12,t3_1o1drvz,False,False,0.263,0.0,0.737,0.3612,0.15510034561157227,0.03681435436010361,0.8080852627754211,neutral,,2025-10-08T18:30:30.384241,positive,disagree
nihr886,1o1niml,"Ayton was asked what it's been like working with Luka and LeBron: ""I haven't. It's something I've just been waiting on.""",guacdoc24,Team chemistry = 0%,59,2025-10-08 21:25:39,t3_1o1niml,False,False,0.0,0.0,1.0,0.0,0.054712194949388504,0.2487570196390152,0.6965308785438538,neutral,,2025-10-08T18:30:30.473217,neutral,agree
nifukrf,1o1drvz,By Creative Director Natalia Bryant ğŸ’œğŸ’›ğŸ,PeeDee57,"""We're literally the best.""",53,2025-10-08 15:48:49,t3_1o1drvz,False,False,0.583,0.0,0.417,0.6369,0.958370566368103,0.013793890364468098,0.027835534885525703,positive,isaiah_thomas,2025-10-08T18:30:30.549828,positive,agree
nift4dv,1o1drvz,By Creative Director Natalia Bryant ğŸ’œğŸ’›ğŸ,epicpurple24,Amazing commercial!,43,2025-10-08 15:41:48,t3_1o1drvz,False,False,0.804,0.0,0.196,0.6239,0.9764065146446228,0.005680256988853216,0.017913205549120903,positive,,2025-10-08T18:30:30.664912,positive,agree
nigbd5t,1o1drvz,By Creative Director Natalia Bryant ğŸ’œğŸ’›ğŸ,AdBeginning6797,â€œIt our ball ainâ€™t it?â€ ğŸ˜‚,43,2025-10-08 17:10:32,t3_1o1drvz,False,False,0.0,0.0,1.0,0.0,0.032062288373708725,0.19736988842487335,0.770567774772644,neutral,"lonzo_ball, isaiah_thomas",2025-10-08T18:30:30.752385,neutral,agree
nigvzae,1o1idr4,my heart ğŸ¥¹,lavazzalove,![gif](giphy|HFe8qjKRQNlLQkbjXM|downsized),39,2025-10-08 18:50:38,t3_1o1idr4,False,False,0.0,0.0,1.0,0.0,0.18096217513084412,0.2061239778995514,0.6129137873649597,neutral,,2025-10-08T18:30:30.862088,neutral,agree
nihslkc,1o1niml,"Ayton was asked what it's been like working with Luka and LeBron: ""I haven't. It's something I've just been waiting on.""",FUELNINE,It's well documented that Bron said he's trying to save his body but I don't understand the reason for not incorporating Luka sooner. I trust JJ but if he says they are behind on practices and building chemistry into the season it's going to be frustrating.,34,2025-10-08 21:32:54,t3_1o1niml,False,False,0.191,0.069,0.739,0.6956,0.021827826276421547,0.5478755831718445,0.43029657006263733,negative,"austin_reaves, lebron, isaiah_thomas",2025-10-08T18:30:30.994255,positive,disagree
nihw4ra,1o1niml,"Ayton was asked what it's been like working with Luka and LeBron: ""I haven't. It's something I've just been waiting on.""",Kn0wFriends,I appreciate his honesty.,34,2025-10-08 21:51:52,t3_1o1niml,False,False,0.747,0.0,0.253,0.7096,0.890762209892273,0.009866244159638882,0.0993715450167656,positive,,2025-10-08T18:30:31.068032,positive,agree
nigw5sv,1o1idr4,my heart ğŸ¥¹,KarrotMovies,Rui provides really good offense next to Luka. I hope the addition of a stronger center and Smart can get Rui to play better defense. JJ constantly screaming at him already did noticeable improvements. Hopefully Smart's leadership takes it further. I really love Rui. He seems like a great guy,32,2025-10-08 18:51:32,t3_1o1idr4,False,False,0.5,0.063,0.437,0.9849,0.9667019248008728,0.004828047472983599,0.028470048680901527,positive,"austin_reaves, anthony_davis, isaiah_thomas",2025-10-08T18:30:31.216979,positive,agree
nigljqp,1o1gy0k,Natalia Bryant X Brenda Song behind the scenes,MercilessOne,London Tipton!,32,2025-10-08 17:58:40,t3_1o1gy0k,False,False,0.0,0.0,1.0,0.0,0.23000293970108032,0.008985558524727821,0.7610114812850952,neutral,,2025-10-08T18:30:31.313944,neutral,agree
nidfq0r,1o11er4,"Luka's new IG post - ""ğŸ§©""",ImjustANewSneaker,Just a brain dead Mavs decision,31,2025-10-08 04:56:58,t1_nidfecb,False,False,0.0,0.462,0.538,-0.6486,0.013143893331289291,0.7715924382209778,0.21526363492012024,negative,anthony_davis,2025-10-08T18:30:31.420125,negative,agree
nihwocl,1o1niml,"Ayton was asked what it's been like working with Luka and LeBron: ""I haven't. It's something I've just been waiting on.""",jayball41,I like this a lot from Ayton. It takes courage as a new guy on the team to stand up and more or less call out the team for needing to get on it. Time to get to work soon.,30,2025-10-08 21:54:51,t3_1o1niml,False,False,0.13,0.0,0.87,0.6908,0.9189695119857788,0.010091403499245644,0.07093912363052368,positive,isaiah_thomas,2025-10-08T18:30:31.575030,positive,agree
nihxpmt,1o1niml,"Ayton was asked what it's been like working with Luka and LeBron: ""I haven't. It's something I've just been waiting on.""",aronnov,Fucking Jokic was in eurobasket and he hasnâ€™t missed a preseason game. And we canâ€™t get a practice.,29,2025-10-08 22:00:37,t3_1o1niml,False,False,0.1,0.0,0.9,0.2235,0.006360424216836691,0.8916553854942322,0.10198426991701126,negative,,2025-10-08T18:30:31.665022,positive,disagree
nihs3ze,1o1niml,"Ayton was asked what it's been like working with Luka and LeBron: ""I haven't. It's something I've just been waiting on.""",Spierre3,I really donâ€™t get why they are limiting both LeBron and Luka like this. The new players need to get acclimated to playing with them. They donâ€™t have to go all out or anything just some training camp work together will help us a lot during our first week of the season,28,2025-10-08 21:30:21,t3_1o1niml,False,False,0.125,0.0,0.875,0.7184,0.04824673384428024,0.4595082402229309,0.49224504828453064,neutral,"austin_reaves, lebron, isaiah_thomas",2025-10-08T18:30:31.833118,positive,disagree
nihtgbk,1o1niml,"Ayton was asked what it's been like working with Luka and LeBron: ""I haven't. It's something I've just been waiting on.""",heat_00,Love Luka and lebron but wtf? We werenâ€™t good enough last year to treat training camp like we won a chip. We got whooped 4-1,25,2025-10-08 21:37:23,t3_1o1niml,False,False,0.346,0.199,0.455,0.7303,0.026968413963913918,0.8344691395759583,0.13856251537799835,negative,"austin_reaves, lebron",2025-10-08T18:30:31.944305,positive,disagree
nighauo,1o1drvz,By Creative Director Natalia Bryant ğŸ’œğŸ’›ğŸ,eengel2424,Biggest smile on my face watching this. Bravo Natalia!!! Pops would be so proud,25,2025-10-08 17:38:28,t3_1o1drvz,False,False,0.38,0.0,0.62,0.8109,0.9879812598228455,0.0033134708646684885,0.008705226704478264,positive,brandon_ingram,2025-10-08T18:30:32.055955,positive,agree
nidg7ri,1o11er4,"Luka's new IG post - ""ğŸ§©""",juicewar01,I thought it was DK in the pic lol. Skinny Luka fr,23,2025-10-08 05:01:08,t3_1o11er4,False,False,0.203,0.0,0.797,0.4215,0.11692000180482864,0.11527754366397858,0.7678024768829346,neutral,isaiah_thomas,2025-10-08T18:30:32.149889,positive,disagree
nigs4cp,1o1idr4,my heart ğŸ¥¹,brazyace43,Extend this man. Give him 3 years starting at $15.5 or $16M   No need to overpay,20,2025-10-08 18:31:18,t3_1o1idr4,False,False,0.095,0.123,0.782,-0.128,0.3040553331375122,0.09690742194652557,0.5990372896194458,neutral,austin_reaves,2025-10-08T18:30:32.237944,negative,disagree
nidizy0,1o11er4,"Luka's new IG post - ""ğŸ§©""",No-Equipment-20,Lebron + Luka = Kripparian,18,2025-10-08 05:25:29,t1_nidfjh3,False,False,0.0,0.0,1.0,0.0,0.09216896444559097,0.06328696012496948,0.8445440530776978,neutral,"austin_reaves, lebron",2025-10-08T18:30:32.308281,neutral,agree
nifziyh,1o1drvz,By Creative Director Natalia Bryant ğŸ’œğŸ’›ğŸ,Jah_Rules,![gif](giphy|10Jpr9KSaXLchW|downsized),17,2025-10-08 16:12:53,t3_1o1drvz,False,False,0.0,0.0,1.0,0.0,0.20699112117290497,0.1494421660900116,0.6435666680335999,neutral,,2025-10-08T18:30:32.394910,neutral,agree
nihuauq,1o1niml,"Ayton was asked what it's been like working with Luka and LeBron: ""I haven't. It's something I've just been waiting on.""",Alarming-Test-7790,Horrible sign ğŸ˜­,15,2025-10-08 21:41:53,t3_1o1niml,False,False,0.0,0.778,0.222,-0.5423,0.018424713984131813,0.882053554058075,0.09952175617218018,negative,,2025-10-08T18:30:32.459394,negative,agree
nigjqz9,1o1gy0k,Natalia Bryant X Brenda Song behind the scenes,AdorableBackground83,Sheâ€™s got her dads smile,14,2025-10-08 17:50:06,t1_nighoeu,False,False,0.385,0.0,0.615,0.3612,0.6539384126663208,0.019285740330815315,0.32677581906318665,positive,anthony_davis,2025-10-08T18:30:32.556238,positive,agree
nigje06,1o1gy0k,Natalia Bryant X Brenda Song behind the scenes,mambabite24,And a Rams fan!,13,2025-10-08 17:48:24,t1_nigg4xl,False,False,0.464,0.0,0.536,0.3802,0.3887646794319153,0.029836073517799377,0.5813992619514465,neutral,,2025-10-08T18:30:32.646275,positive,disagree
nidgqgc,1o11er4,"Luka's new IG post - ""ğŸ§©""",foozbinjex,Ima cry. I love this man,12,2025-10-08 05:05:38,t3_1o11er4,False,False,0.372,0.274,0.354,0.2732,0.9493604898452759,0.02001313492655754,0.030626432970166206,positive,,2025-10-08T18:30:32.743277,positive,agree
nifwfm0,1o1drvz,By Creative Director Natalia Bryant ğŸ’œğŸ’›ğŸ,Teckliz,Honestly didnâ€™t except it to be that good. Damn well done,12,2025-10-08 15:57:44,t3_1o1drvz,False,False,0.452,0.153,0.395,0.6486,0.8597288131713867,0.06206955015659332,0.07820163667201996,positive,isaiah_thomas,2025-10-08T18:30:32.836150,positive,agree
nigly7r,1o1drvz,By Creative Director Natalia Bryant ğŸ’œğŸ’›ğŸ,Falyerion,"All my goats in one video, Bean, Bron, Luka, and Goatani. LA proud ğŸ¤™ğŸ¾ğŸ’›ğŸ’œ",12,2025-10-08 18:00:38,t3_1o1drvz,False,False,0.205,0.0,0.795,0.4767,0.927528440952301,0.0048596481792628765,0.06761187314987183,positive,lebron,2025-10-08T18:30:32.929162,positive,agree
nihuxez,1o1niml,"Ayton was asked what it's been like working with Luka and LeBron: ""I haven't. It's something I've just been waiting on.""",Skiddlifoot,So what the fuck have we been doing ğŸ˜­,11,2025-10-08 21:45:17,t3_1o1niml,False,False,0.0,0.35,0.65,-0.5809,0.006465558893978596,0.9078771471977234,0.08565716445446014,negative,,2025-10-08T18:30:33.001056,negative,agree
nihwsvj,1o1niml,"Ayton was asked what it's been like working with Luka and LeBron: ""I haven't. It's something I've just been waiting on.""",LeClassRevolt,Little stuff like this is making me uneasy,11,2025-10-08 21:55:33,t3_1o1niml,False,False,0.205,0.24,0.554,-0.0972,0.007661961019039154,0.8630499243736267,0.12928813695907593,negative,isaiah_thomas,2025-10-08T18:30:33.104274,negative,agree
nigz2cg,1o1idr4,my heart ğŸ¥¹,ts405,i think japanese and slovenians have many similar temperament and personality traits,11,2025-10-08 19:06:06,t3_1o1idr4,False,False,0.0,0.0,1.0,0.0,0.23313823342323303,0.03704746067523956,0.7298142910003662,neutral,"austin_reaves, isaiah_thomas",2025-10-08T18:30:33.198174,neutral,agree
nigwqe2,1o1gy0k,Natalia Bryant X Brenda Song behind the scenes,spiraldrain,I believe thereâ€™s a story how during the filming of suite life she made sure she would never miss a game by having tvs installed in every room. Sheâ€™s a true fan.,11,2025-10-08 18:54:25,t1_nigg4xl,False,False,0.24,0.0,0.76,0.781,0.8902060389518738,0.007038445677608252,0.10275554656982422,positive,"anthony_davis, isaiah_thomas",2025-10-08T18:30:33.307872,positive,agree
nifz690,1o1drvz,By Creative Director Natalia Bryant ğŸ’œğŸ’›ğŸ,thehanssassin,Only one missing was Jack Nicholson but this is an awesome video!! Hyped for next season!!,11,2025-10-08 16:11:10,t3_1o1drvz,False,False,0.304,0.071,0.624,0.803,0.9858616590499878,0.0030034638475626707,0.011134876869618893,positive,,2025-10-08T18:30:33.408171,positive,agree
nidn8hz,1o11er4,"Luka's new IG post - ""ğŸ§©""",archeezee,I want his shoes!,10,2025-10-08 06:04:53,t3_1o11er4,False,False,0.347,0.0,0.653,0.1511,0.7169373035430908,0.010839184746146202,0.272223562002182,positive,,2025-10-08T18:30:33.484968,positive,agree
nih1ruj,1o1idr4,my heart ğŸ¥¹,Chrisdkn619,The bromance is real!,10,2025-10-08 19:19:45,t3_1o1idr4,False,False,0.0,0.0,1.0,0.0,0.9373825192451477,0.003501912346109748,0.05911554768681526,positive,,2025-10-08T18:30:33.558169,neutral,disagree
nigdy3s,1o1drvz,By Creative Director Natalia Bryant ğŸ’œğŸ’›ğŸ,BlackMinato17,"We are literally the best! Needs to be the slogan.

Rip Mamba & Gigi",10,2025-10-08 17:22:40,t3_1o1drvz,False,False,0.272,0.0,0.728,0.6696,0.8964671492576599,0.02915113791823387,0.0743817538022995,positive,"austin_reaves, kobe_bryant, isaiah_thomas",2025-10-08T18:30:33.650221,positive,agree
nihdu99,1o1drvz,By Creative Director Natalia Bryant ğŸ’œğŸ’›ğŸ,I_M_A,Even Shohei?! This is awesome.,10,2025-10-08 20:17:44,t3_1o1drvz,False,False,0.523,0.0,0.477,0.6588,0.9864152073860168,0.002820098539814353,0.010764715261757374,positive,,2025-10-08T18:30:33.718192,positive,agree
nihtsn3,1o1niml,"Ayton was asked what it's been like working with Luka and LeBron: ""I haven't. It's something I've just been waiting on.""",LongBeachBr0,Our 2 best players getting zero reps with the team  is laughable.,9,2025-10-08 21:39:13,t3_1o1niml,False,False,0.351,0.0,0.649,0.6597,0.011119847185909748,0.8841182589530945,0.10476195067167282,negative,isaiah_thomas,2025-10-08T18:30:33.799834,positive,disagree
nih0evw,1o1idr4,my heart ğŸ¥¹,Top-Explanation4128,Peak type of content on this sub lmao,9,2025-10-08 19:12:54,t3_1o1idr4,False,False,0.358,0.0,0.642,0.5994,0.636250913143158,0.01901233196258545,0.344736784696579,positive,,2025-10-08T18:30:33.876118,positive,agree
nii2m10,1o1niml,"Ayton was asked what it's been like working with Luka and LeBron: ""I haven't. It's something I've just been waiting on.""",nonnymoon,"I guess we can trust Ayton to answer the truth in interviews. On opening night, everyoneâ€™s gonna expect him to be this amazing lob threat with Luka, and thatâ€™s not gonna be fair if they have never played together.",9,2025-10-08 22:28:53,t3_1o1niml,False,False,0.2,0.147,0.653,0.5722,0.27891668677330017,0.10501738637685776,0.6160659193992615,neutral,isaiah_thomas,2025-10-08T18:30:34.023138,positive,disagree
nihwzr1,1o1niml,"Ayton was asked what it's been like working with Luka and LeBron: ""I haven't. It's something I've just been waiting on.""",Financial_Ad9395,This kind of prep for the season ain't it if we want to win a chip.,8,2025-10-08 21:56:36,t3_1o1niml,False,False,0.267,0.0,0.733,0.6249,0.01788664609193802,0.8000412583351135,0.18207207322120667,negative,isaiah_thomas,2025-10-08T18:30:34.170152,positive,disagree
nig8c0x,1o1drvz,By Creative Director Natalia Bryant ğŸ’œğŸ’›ğŸ,eg714,This is so dope. Happy for her.,8,2025-10-08 16:56:08,t3_1o1drvz,False,False,0.399,0.0,0.601,0.6096,0.985358715057373,0.006218699738383293,0.008422554470598698,positive,,2025-10-08T18:30:34.281989,positive,agree
nihwnzr,1o1niml,"Ayton was asked what it's been like working with Luka and LeBron: ""I haven't. It's something I've just been waiting on.""",aronnov,Why build chemistry with new teammates in the preseason when we can use the start of the season in a super competitive western conference and just take losses as we learn to play together?   What the actual fuck.,8,2025-10-08 21:54:47,t3_1o1niml,False,False,0.169,0.131,0.699,0.2023,0.012056014500558376,0.7835921049118042,0.20435182750225067,negative,"austin_reaves, jerry_west, isaiah_thomas",2025-10-08T18:30:34.450017,positive,disagree
nih0ldv,1o1idr4,my heart ğŸ¥¹,Apollo611,The power of friendship,7,2025-10-08 19:13:49,t3_1o1idr4,False,False,0.492,0.0,0.508,0.4404,0.9427686333656311,0.009378060698509216,0.04785327985882759,positive,,2025-10-08T18:30:34.531230,positive,agree
nihh3dx,1o1gy0k,Natalia Bryant X Brenda Song behind the scenes,counteroffer19,Just gotta see Brenda in some Dodgers gear to complete the trifecta.,7,2025-10-08 20:34:03,t3_1o1gy0k,False,False,0.0,0.0,1.0,0.0,0.3123193085193634,0.016022665426135063,0.6716579794883728,neutral,austin_reaves,2025-10-08T18:30:34.630014,neutral,agree
nigtn5x,1o1drvz,By Creative Director Natalia Bryant ğŸ’œğŸ’›ğŸ,FUCKINDI,All the Kobe nods almost brought a tear to my eye ğŸ¥¹ her pops would be so proud man,7,2025-10-08 18:38:55,t3_1o1drvz,False,False,0.19,0.0,0.81,0.6113,0.9295346736907959,0.01372448354959488,0.056740883737802505,positive,"austin_reaves, kobe_bryant",2025-10-08T18:30:34.821243,positive,agree
niecz7b,1o11er4,"Luka's new IG post - ""ğŸ§©""",sportsfanbrowsing,Beautiful pic of Luka and those banners! â¤ï¸,7,2025-10-08 10:24:32,t3_1o11er4,False,False,0.411,0.0,0.589,0.636,0.9854743480682373,0.0036272420547902584,0.010898414999246597,positive,,2025-10-08T18:30:34.998217,positive,agree
nigx7p1,1o1gy0k,Natalia Bryant X Brenda Song behind the scenes,Jazzlike-Category695,would you like AM or FM,7,2025-10-08 18:56:48,t1_nigo28h,False,False,0.333,0.0,0.667,0.3612,0.05677581951022148,0.031724635511636734,0.9114994406700134,neutral,,2025-10-08T18:30:35.085260,positive,disagree
nihfsqy,1o1idr4,my heart ğŸ¥¹,birdballoon,![gif](giphy|iHgznkhwC6XYs),5,2025-10-08 20:27:31,t3_1o1idr4,False,False,0.0,0.0,1.0,0.0,0.2691124975681305,0.196896031498909,0.5339914560317993,neutral,,2025-10-08T18:30:35.193412,neutral,agree
nig189a,1o1drvz,By Creative Director Natalia Bryant ğŸ’œğŸ’›ğŸ,l8trg8or10,"wow, this is a well done project!",5,2025-10-08 16:21:10,t3_1o1drvz,False,False,0.553,0.0,0.447,0.7345,0.9807989597320557,0.007093076128512621,0.012107940390706062,positive,,2025-10-08T18:30:35.328050,positive,agree
nih1gj0,1o1idr4,my heart ğŸ¥¹,MangoDouble3259,Bro securing friend and that long term contract ğŸ˜,5,2025-10-08 19:18:11,t3_1o1idr4,False,False,0.478,0.0,0.522,0.6705,0.29005739092826843,0.027449510991573334,0.6824931502342224,neutral,,2025-10-08T18:30:35.449071,positive,disagree
nie544p,1o11er4,"Luka's new IG post - ""ğŸ§©""",_Mavericks,Multiverse is real.,5,2025-10-08 09:07:01,t1_nidfjh3,False,False,0.0,0.0,1.0,0.0,0.4556832015514374,0.014731879346072674,0.5295848846435547,neutral,,2025-10-08T18:30:35.558385,neutral,agree
nigyqpb,1o1gy0k,Natalia Bryant X Brenda Song behind the scenes,BigBossVince,"Every time I hear Brenda Song, younger Brenda on the Disney channel is what my mind goes to. I'm not that young anymore and neither is she though lol",4,2025-10-08 19:04:26,t1_nigljqp,False,False,0.091,0.0,0.909,0.4215,0.525529146194458,0.02907683700323105,0.44539403915405273,positive,"austin_reaves, isaiah_thomas",2025-10-08T18:30:35.709967,positive,agree
nienlgd,1o11er4,"Luka's new IG post - ""ğŸ§©""",Fickle_Sheepherder97,He has been looking up at those titles hanging from the rafters! LFG!!!,3,2025-10-08 11:48:19,t3_1o11er4,False,False,0.0,0.0,1.0,0.0,0.26709437370300293,0.07539217174053192,0.657513439655304,neutral,isaiah_thomas,2025-10-08T18:30:35.822134,neutral,agree
nieyz80,1o11er4,"Luka's new IG post - ""ğŸ§©""",LukaPropagandist,those shoes kinda clean,3,2025-10-08 13:00:29,t3_1o11er4,False,False,0.445,0.0,0.555,0.3415,0.5506454706192017,0.023251118138432503,0.426103413105011,positive,,2025-10-08T18:30:35.909218,positive,agree
nie9xzp,1o11er4,"Luka's new IG post - ""ğŸ§©""",gsnags,But it's so dope,3,2025-10-08 09:56:08,t1_nidfecb,False,False,0.0,0.0,1.0,0.0,0.9031363129615784,0.028198523446917534,0.06866522878408432,positive,isaiah_thomas,2025-10-08T18:30:36.005139,neutral,disagree
nihhdoo,1o1idr4,my heart ğŸ¥¹,cleaninfresno,Iâ€™m pretty sure Rui was there when Luka was hanging out with Bam and shit for the Jordan event in Greece? Iirc. Luka is probably way closer with him than anyone else on the team,3,2025-10-08 20:35:28,t3_1o1idr4,False,False,0.134,0.088,0.779,0.2263,0.15760181844234467,0.008245294913649559,0.8341529369354248,neutral,"jordan_farmar, jordan_clarkson, jordan_hill, isaiah_thomas",2025-10-08T18:30:36.193081,positive,disagree
nidvb3f,1o11er4,"Luka's new IG post - ""ğŸ§©""",JetSky81,Thatâ€™s my lean goat,3,2025-10-08 07:24:41,t3_1o11er4,False,False,0.0,0.0,1.0,0.0,0.7467440366744995,0.020681029185652733,0.232574924826622,positive,,2025-10-08T18:30:36.375018,neutral,disagree
nifrf5v,1o11er4,"Luka's new IG post - ""ğŸ§©""",sirfray,Look at that lift,2,2025-10-08 15:33:29,t3_1o11er4,False,False,0.0,0.0,1.0,0.0,0.7637983560562134,0.049309469759464264,0.18689212203025818,positive,,2025-10-08T18:30:36.545287,neutral,disagree
nihnh9i,1o1idr4,my heart ğŸ¥¹,incredibleamadeuscho,Get that Luka Homie job security Rui.,2,2025-10-08 21:06:07,t3_1o1idr4,False,False,0.286,0.0,0.714,0.34,0.10750437527894974,0.1037580817937851,0.7887375354766846,neutral,isaiah_thomas,2025-10-08T18:30:36.664427,positive,disagree
nih7nck,1o1idr4,my heart ğŸ¥¹,retrospects,Luka is going to feed Rui,2,2025-10-08 19:49:41,t3_1o1idr4,False,False,0.0,0.0,1.0,0.0,0.054347340017557144,0.09858909249305725,0.8470634818077087,neutral,,2025-10-08T18:30:36.825153,neutral,agree
nidnezj,1o11er4,"Luka's new IG post - ""ğŸ§©""",Crafty-Promotion-326,Did it go in?,2,2025-10-08 06:06:38,t3_1o11er4,False,False,0.0,0.0,1.0,0.0,0.06274618953466415,0.0319124199450016,0.9053414463996887,neutral,isaiah_thomas,2025-10-08T18:30:36.928348,neutral,agree
niiiik2,1o1gy0k,Natalia Bryant X Brenda Song behind the scenes,Hour_Insurance_7795,"Iâ€™m a Rams season ticket holder.  Been a fan since the late 1980â€™s with Ellard, Everett, Greene, etc. There are plenty of diehards out there.  No reason to trash us for liking a less popular team, you donâ€™t always have to like the popular thing.  I get enough of that as a Dodgers and Lakers fan already. Sometimes itâ€™s fun to root for the underdog in life.",2,2025-10-09 00:03:37,t1_niifvwj,False,False,0.231,0.028,0.741,0.935,0.21925395727157593,0.21034036576747894,0.5704056620597839,neutral,"austin_reaves, anthony_davis, isaiah_thomas",2025-10-08T18:30:37.166414,positive,disagree
nii7vwz,1o1gy0k,Natalia Bryant X Brenda Song behind the scenes,jono9898,"He dated Mila Kunis too, bro is a GOAT",2,2025-10-08 23:00:03,t1_nigje4x,False,False,0.0,0.0,1.0,0.0,0.7822141647338867,0.01835482008755207,0.19943100214004517,positive,,2025-10-08T18:30:37.293330,neutral,disagree
niig9fn,1o1gy0k,Natalia Bryant X Brenda Song behind the scenes,Bulbolito_Bayagbag20,How about in Kings gear too?,1,2025-10-08 23:49:56,t1_nihh3dx,False,False,0.0,0.0,1.0,0.0,0.07920338958501816,0.007775564678013325,0.9130210280418396,neutral,austin_reaves,2025-10-08T18:30:37.420211,neutral,agree
niifvwj,1o1gy0k,Natalia Bryant X Brenda Song behind the scenes,EyelessSK,"To be fair I havenâ€™t spoken to someone here locally in LA who can name more than 5 Rams. As someone who isnâ€™t a Rams fan but is a huge NFL fan I know almost the entire team.

Rams are more of a team some ppl claim theyâ€™re fans of when theyâ€™re playing well. There really isnâ€™t a fanbase, as can be seen on TV when SoFi is packed with the visiting teamâ€™s fans. When the Niners were recently there it was 80% Niners fans.

If Brenda is a Lakers/Dodgers fan then sheâ€™s legit, which she is.",1,2025-10-08 23:47:40,t1_nigje4x,False,False,0.144,0.014,0.842,0.9164,0.1384214162826538,0.2593306601047516,0.602247953414917,neutral,"austin_reaves, isaiah_thomas",2025-10-08T18:30:37.884422,positive,disagree
nii2k9y,1o1idr4,my heart ğŸ¥¹,fantasmavivo,I love these guys,1,2025-10-08 22:28:36,t3_1o1idr4,False,False,0.583,0.0,0.417,0.6369,0.9742184281349182,0.005595155991613865,0.020186418667435646,positive,,2025-10-08T18:30:37.965583,positive,agree
nihqmjp,1o1idr4,my heart ğŸ¥¹,EquivalentFennel1130,![gif](giphy|2wKbtCMHTVoOY),1,2025-10-08 21:22:30,t3_1o1idr4,False,False,0.0,0.0,1.0,0.0,0.17415402829647064,0.1333552747964859,0.6924906969070435,neutral,,2025-10-08T18:30:38.098013,neutral,agree
niigcs2,1o11er4,"Luka's new IG post - ""ğŸ§©""",EyelessSK,"In a few seasons itâ€™ll feel real just like it did when we got used to LeBron being a Laker, which for me happened at the end of season 2 (championship).",1,2025-10-08 23:50:30,t1_nidfecb,False,False,0.157,0.0,0.843,0.6597,0.36908572912216187,0.018106522038578987,0.6128077507019043,neutral,"lebron, isaiah_thomas",2025-10-08T18:30:38.236356,positive,disagree
nif4dh8,1o11er4,"Luka's new IG post - ""ğŸ§©""",Remarkable-Gas245,Some players lookâ€¦ elegant (?) when they shoot a basketballÂ ,1,2025-10-08 13:32:16,t3_1o11er4,False,False,0.23,0.178,0.593,0.1779,0.20643621683120728,0.07708235830068588,0.7164813876152039,neutral,lonzo_ball,2025-10-08T18:30:38.400163,positive,disagree
